{
  "tools": {
    "axe": {
      "name": "Axe",
      "icon": "minecraft:diamond_axe",
      "toollist": [
        "IC2:itemToolBronzeAxe",
        "IC2:itemToolChainsaw",
        "appliedenergistics2:certus_quartz_axe",
        "appliedenergistics2:item.ToolCertusQuartzAxe",
        "appliedenergistics2:item.ToolNetherQuartzAxe",
        "appliedenergistics2:nether_quartz_axe",
        "draconicevolution:draconic_axe",
        "draconicevolution:wyvern_axe",
        "extrautils2:fireaxe",
        "minecraft:diamond_axe",
        "minecraft:golden_axe",
        "minecraft:iron_axe",
        "minecraft:stone_axe",
        "minecraft:wooden_axe",
        "mysticalagriculture:inferium_axe",
        "mysticalagriculture:intermedium_axe",
        "mysticalagriculture:prudentium_axe",
        "mysticalagriculture:superium_axe",
        "mysticalagriculture:supremium_axe",
        "redstonearsenal:tool.axe_flux",
        "tconstruct:hatchet",
        "thermalfoundation:tool.axe_aluminum",
        "thermalfoundation:tool.axe_bronze",
        "thermalfoundation:tool.axe_constantan",
        "thermalfoundation:tool.axe_copper",
        "thermalfoundation:tool.axe_electrum",
        "thermalfoundation:tool.axe_invar",
        "thermalfoundation:tool.axe_lead",
        "thermalfoundation:tool.axe_nickel",
        "thermalfoundation:tool.axe_platinum",
        "thermalfoundation:tool.axe_silver",
        "thermalfoundation:tool.axe_steel",
        "thermalfoundation:tool.axe_tin"
      ],
      "blocklist": [
        "ic2:leaves",
        "minecraft:fence",
        "minecraft:leaves",
        "minecraft:leaves2",
        "minecraft:log",
        "minecraft:log2",
        "tconstruct:slime_leaves",
        "twilightforest:dark_leaves",
        "twilightforest:magic_leaves",
        "twilightforest:magic_log",
        "twilightforest:twilight_leaves",
        "twilightforest:twilight_leaves_3",
        "twilightforest:twilight_log"
      ]
    },
    "hoe": {
      "name": "Hoe",
      "icon": "minecraft:diamond_hoe",
      "toollist": [
        "IC2:itemToolBronzeHoe",
        "appliedenergistics2:certus_quartz_hoe",
        "appliedenergistics2:item.ToolCertusQuartzHoe",
        "appliedenergistics2:item.ToolNetherQuartzHoe",
        "appliedenergistics2:nether_quartz_hoe",
        "draconicevolution:draconic_hoe",
        "extrautils2:sickle_diamond",
        "extrautils2:sickle_gold",
        "extrautils2:sickle_iron",
        "extrautils2:sickle_stone",
        "extrautils2:sickle_wood",
        "minecraft:diamond_hoe",
        "minecraft:golden_hoe",
        "minecraft:iron_hoe",
        "minecraft:stone_hoe",
        "minecraft:wooden_hoe",
        "mysticalagriculture:inferium_hoe",
        "mysticalagriculture:inferium_scythe",
        "mysticalagriculture:inferium_sickle",
        "mysticalagriculture:intermedium_hoe",
        "mysticalagriculture:intermedium_scythe",
        "mysticalagriculture:intermedium_sickle",
        "mysticalagriculture:prudentium_hoe",
        "mysticalagriculture:prudentium_scythe",
        "mysticalagriculture:prudentium_sickle",
        "mysticalagriculture:superium_hoe",
        "mysticalagriculture:superium_scythe",
        "mysticalagriculture:superium_sickle",
        "mysticalagriculture:supremium_hoe",
        "mysticalagriculture:supremium_scythe",
        "mysticalagriculture:supremium_sickle",
        "redstonearsenal:tool.sickle_flux",
        "tconstruct:mattock",
        "thermalfoundation:tool.hoe_aluminum",
        "thermalfoundation:tool.hoe_bronze",
        "thermalfoundation:tool.hoe_constantan",
        "thermalfoundation:tool.hoe_copper",
        "thermalfoundation:tool.hoe_electrum",
        "thermalfoundation:tool.hoe_invar",
        "thermalfoundation:tool.hoe_lead",
        "thermalfoundation:tool.hoe_nickel",
        "thermalfoundation:tool.hoe_platinum",
        "thermalfoundation:tool.hoe_silver",
        "thermalfoundation:tool.hoe_steel",
        "thermalfoundation:tool.hoe_tin",
        "thermalfoundation:tool.sickle_aluminum",
        "thermalfoundation:tool.sickle_bronze",
        "thermalfoundation:tool.sickle_constantan",
        "thermalfoundation:tool.sickle_copper",
        "thermalfoundation:tool.sickle_diamond",
        "thermalfoundation:tool.sickle_electrum",
        "thermalfoundation:tool.sickle_gold",
        "thermalfoundation:tool.sickle_invar",
        "thermalfoundation:tool.sickle_iron",
        "thermalfoundation:tool.sickle_lead",
        "thermalfoundation:tool.sickle_nickel",
        "thermalfoundation:tool.sickle_platinum",
        "thermalfoundation:tool.sickle_silver",
        "thermalfoundation:tool.sickle_steel",
        "thermalfoundation:tool.sickle_stone",
        "thermalfoundation:tool.sickle_tin",
        "thermalfoundation:tool.sickle_wood"
      ],
      "blocklist": [
        "minecraft:carrots",
        "minecraft:melon_block",
        "minecraft:potatoes",
        "minecraft:pumpkin",
        "minecraft:wheat"
      ]
    },
    "pickaxe": {
      "name": "Pickaxe",
      "icon": "minecraft:diamond_pickaxe",
      "toollist": [
        "IC2:itemToolBronzePickaxe",
        "IC2:itemToolDDrill",
        "IC2:itemToolDrill",
        "IC2:itemToolIridiumDrill",
        "appliedenergistics2:certus_quartz_pickaxe",
        "appliedenergistics2:item.ToolCertusQuartzPickaxe",
        "appliedenergistics2:item.ToolNetherQuartzPickaxe",
        "appliedenergistics2:nether_quartz_pickaxe",
        "draconicevolution:draconic_pick",
        "draconicevolution:wyvern_pick",
        "immersiveengineering:drill",
        "minecraft:diamond_pickaxe",
        "minecraft:golden_pickaxe",
        "minecraft:iron_pickaxe",
        "minecraft:stone_pickaxe",
        "minecraft:wooden_pickaxe",
        "mysticalagriculture:inferium_pickaxe",
        "mysticalagriculture:intermedium_pickaxe",
        "mysticalagriculture:prudentium_pickaxe",
        "mysticalagriculture:superium_pickaxe",
        "mysticalagriculture:supremium_pickaxe",
        "redstonearsenal:tool.hammer_flux",
        "redstonearsenal:tool.pickaxe_flux",
        "tconstruct:pickaxe",
        "thermalfoundation:tool.hammer_aluminum",
        "thermalfoundation:tool.hammer_bronze",
        "thermalfoundation:tool.hammer_constantan",
        "thermalfoundation:tool.hammer_copper",
        "thermalfoundation:tool.hammer_diamond",
        "thermalfoundation:tool.hammer_electrum",
        "thermalfoundation:tool.hammer_gold",
        "thermalfoundation:tool.hammer_invar",
        "thermalfoundation:tool.hammer_iron",
        "thermalfoundation:tool.hammer_lead",
        "thermalfoundation:tool.hammer_nickel",
        "thermalfoundation:tool.hammer_platinum",
        "thermalfoundation:tool.hammer_silver",
        "thermalfoundation:tool.hammer_steel",
        "thermalfoundation:tool.hammer_stone",
        "thermalfoundation:tool.hammer_tin",
        "thermalfoundation:tool.hammer_wood",
        "thermalfoundation:tool.pickaxe_aluminum",
        "thermalfoundation:tool.pickaxe_bronze",
        "thermalfoundation:tool.pickaxe_constantan",
        "thermalfoundation:tool.pickaxe_copper",
        "thermalfoundation:tool.pickaxe_electrum",
        "thermalfoundation:tool.pickaxe_invar",
        "thermalfoundation:tool.pickaxe_lead",
        "thermalfoundation:tool.pickaxe_nickel",
        "thermalfoundation:tool.pickaxe_platinum",
        "thermalfoundation:tool.pickaxe_silver",
        "thermalfoundation:tool.pickaxe_steel",
        "thermalfoundation:tool.pickaxe_tin"
      ],
      "blocklist": [
        "appliedenergistics2:charged_quartz_ore/0",
        "appliedenergistics2:quartz_ore/0",
        "bigreactors:brore/0",
        "bigreactors:brore/1",
        "bigreactors:brore/2",
        "deepresonance:resonating_ore/0",
        "draconicevolution:draconium_ore",
        "ic2:resource/1",
        "ic2:resource/2",
        "ic2:resource/3",
        "ic2:resource/4",
        "immersiveengineering:ore/0",
        "immersiveengineering:ore/1",
        "immersiveengineering:ore/2",
        "immersiveengineering:ore/3",
        "immersiveengineering:ore/4",
        "immersiveengineering:ore/5",
        "libvulpes:ore0/0",
        "libvulpes:ore0/4",
        "libvulpes:ore0/5",
        "libvulpes:ore0/8",
        "libvulpes:ore0/9",
        "libvulpes:ore0/10",
        "minecraft:coal_ore",
        "minecraft:cobblestone_wall",
        "minecraft:diamond_ore",
        "minecraft:emerald_ore",
        "minecraft:glowstone",
        "minecraft:gold_ore",
        "minecraft:iron_ore",
        "minecraft:lapis_ore",
        "minecraft:lit_redstone_ore",
        "minecraft:mossy_cobblestone",
        "minecraft:nether_brick_fence",
        "minecraft:obsidian",
        "minecraft:quartz_ore",
        "minecraft:redstone_ore",
        "mysticalagriculture:end_inferium_ore/0",
        "mysticalagriculture:end_prosperity_ore/0",
        "mysticalagriculture:inferium_ore/0",
        "mysticalagriculture:nether_inferium_ore/0",
        "mysticalagriculture:nether_prosperity_ore/0",
        "mysticalagriculture:prosperity_ore/0",
        "rftools:dimensional_shard_ore",
        "tconstruct:ore/0",
        "tconstruct:ore/1",
        "thermalfoundation:ore/0",
        "thermalfoundation:ore/1",
        "thermalfoundation:ore/2",
        "thermalfoundation:ore/3",
        "thermalfoundation:ore/4",
        "thermalfoundation:ore/5",
        "thermalfoundation:ore/6",
        "thermalfoundation:ore/7",
        "thermalfoundation:ore/8",
        "thermalfoundation:ore_fluid/0",
        "thermalfoundation:ore_fluid/1",
        "thermalfoundation:ore_fluid/2",
        "thermalfoundation:ore_fluid/3",
        "thermalfoundation:ore_fluid/4",
        "thermalfoundation:ore_fluid/5",
        "tp:ender_ore/0",
        "tp:lava_block/0",
        "tp:nether_wub_ore/0",
        "tp:water_block/0",
        "tp:wub_ore/0"
      ]
    },
    "shears": {
      "name": "Shears",
      "icon": "minecraft:shears",
      "toollist": [
        "IC2:itemToolBronzeHoe",
        "minecraft:shears",
        "mysticalagriculture:inferium_shears",
        "mysticalagriculture:intermedium_shears",
        "mysticalagriculture:prudentium_shears",
        "mysticalagriculture:superium_shears",
        "mysticalagriculture:supremium_shears",
        "thermalfoundation:tool.shears_aluminum",
        "thermalfoundation:tool.shears_bronze",
        "thermalfoundation:tool.shears_constantan",
        "thermalfoundation:tool.shears_copper",
        "thermalfoundation:tool.shears_diamond",
        "thermalfoundation:tool.shears_electrum",
        "thermalfoundation:tool.shears_gold",
        "thermalfoundation:tool.shears_invar",
        "thermalfoundation:tool.shears_lead",
        "thermalfoundation:tool.shears_nickel",
        "thermalfoundation:tool.shears_platinum",
        "thermalfoundation:tool.shears_silver",
        "thermalfoundation:tool.shears_steel",
        "thermalfoundation:tool.shears_stone",
        "thermalfoundation:tool.shears_tin",
        "thermalfoundation:tool.shears_wood"
      ],
      "blocklist": [
        "ic2:leaves",
        "minecraft:deadbush",
        "minecraft:leaves",
        "minecraft:leaves2",
        "minecraft:tallgrass",
        "minecraft:vine",
        "minecraft:web",
        "minecraft:wool",
        "tconstruct:slime_leaves",
        "twilightforest:dark_leaves",
        "twilightforest:magic_leaves",
        "twilightforest:twilight_leaves",
        "twilightforest:twilight_leaves_3"
      ]
    },
    "shovel": {
      "name": "Shovel",
      "icon": "minecraft:diamond_shovel",
      "toollist": [
        "IC2:itemToolBronzeSpade",
        "appliedenergistics2:item.ToolCertusQuartzSpade",
        "appliedenergistics2:item.ToolNetherQuartzSpade",
        "draconicevolution:draconic_shovel",
        "draconicevolution:wyvern_shovel",
        "immersiveengineering:drill",
        "minecraft:diamond_shovel",
        "minecraft:golden_shovel",
        "minecraft:iron_shovel",
        "minecraft:stone_shovel",
        "minecraft:wooden_shovel",
        "mysticalagriculture:inferium_shovel",
        "mysticalagriculture:intermedium_shovel",
        "mysticalagriculture:prudentium_shovel",
        "mysticalagriculture:superium_shovel",
        "mysticalagriculture:supremium_shovel",
        "redstonearsenal:tool.shovel_flux",
        "tconstruct:mattock",
        "tconstruct:shovel",
        "thermalfoundation:tool.shovel_aluminum",
        "thermalfoundation:tool.shovel_bronze",
        "thermalfoundation:tool.shovel_constantan",
        "thermalfoundation:tool.shovel_copper",
        "thermalfoundation:tool.shovel_electrum",
        "thermalfoundation:tool.shovel_invar",
        "thermalfoundation:tool.shovel_lead",
        "thermalfoundation:tool.shovel_nickel",
        "thermalfoundation:tool.shovel_platinum",
        "thermalfoundation:tool.shovel_silver",
        "thermalfoundation:tool.shovel_steel",
        "thermalfoundation:tool.shovel_tin"
      ],
      "blocklist": [
        "minecraft:clay",
        "minecraft:gravel"
      ]
    }
  }
}